name,player_image,gender,battingstyle,bowlingstyle,country,country_image,playingRole
Fakhar Zaman,https://cdn.sportmonks.com/images/cricket/players/6/6.png,m,left-hand-bat,slow-left-arm-orthodox,Pakistan,https://cdn.sportmonks.com/images/countries/png/short/pk.png,Opening Batter
Shadab Khan,https://cdn.sportmonks.com/images/cricket/players/13/13.png,m,right-hand-bat,legbreak,Pakistan,https://cdn.sportmonks.com/images/countries/png/short/pk.png,Allrounder
Mohammad Rizwan,https://cdn.sportmonks.com/images/cricket/players/20/20.png,m,right-hand-bat,,Pakistan,https://cdn.sportmonks.com/images/countries/png/short/pk.png,Wicketkeeper Batter
Asif Ali,https://cdn.sportmonks.com/images/cricket/players/5/261.png,m,right-hand-bat,right-arm-offbreak,Pakistan,https://cdn.sportmonks.com/images/countries/png/short/pk.png,Middle order Batter
Mohammad Nawaz,https://cdn.sportmonks.com/images/cricket/players/13/269.png,m,left-hand-bat,slow-left-arm-orthodox,Pakistan,https://cdn.sportmonks.com/images/countries/png/short/pk.png,Allrounder
Shan Masood,https://cdn.sportmonks.com/images/cricket/players/29/797.png,m,left-hand-bat,right-arm-fast-medium,Pakistan,https://cdn.sportmonks.com/images/countries/png/short/pk.png,Opening Batter
Yasir Ali,https://cdn.sportmonks.com/images/cricket/players/18/1010.png,m,right-hand-bat,right-arm-fast-medium,Pakistan,https://cdn.sportmonks.com/images/countries/png/short/pk.png,Middle order Batter
Yasir Ali,https://cdn.sportmonks.com/images/cricket/players/23/6487.png,m,right-hand-bat,right-arm-fast-medium,Bangladesh,https://cdn.sportmonks.com/images/countries/png/short/bd.png,Middle order Batter
Iftikhar Ahmed,https://cdn.sportmonks.com/images/cricket/players/5/1253.png,m,right-hand-bat,right-arm-offbreak,Pakistan,https://cdn.sportmonks.com/images/countries/png/short/pk.png,Middle order Batter
Naseem Shah,https://cdn.sportmonks.com/images/cricket/players/13/4301.png,m,right-hand-bat,right-arm-fast,Pakistan,https://cdn.sportmonks.com/images/countries/png/short/pk.png,Bowler
Haris Rauf,https://cdn.sportmonks.com/images/cricket/players/8/4328.png,m,right-hand-bat,right-arm-fast,Pakistan,https://cdn.sportmonks.com/images/countries/png/short/pk.png,Bowler
Mohammad Haris,https://cdn.sportmonks.com/images/cricket/players/20/8340.png,m,right-hand-bat,,Pakistan,https://cdn.sportmonks.com/images/countries/png/short/pk.png,Middle order Batter
Haider Ali,https://cdn.sportmonks.com/images/cricket/players/3/8355.png,m,right-hand-bat,,Pakistan,https://cdn.sportmonks.com/images/countries/png/short/pk.png,Middle order Batter
Ashton Agar,https://cdn.sportmonks.com/images/cricket/players/23/23.png,m,left-hand-bat,slow-left-arm-orthodox,Australia,https://cdn.sportmonks.com/images/countries/png/short/au.png,Bowler
Aaron Finch,https://cdn.sportmonks.com/images/cricket/players/25/25.png,m,right-hand-bat,slow-left-arm-orthodox,Australia,https://cdn.sportmonks.com/images/countries/png/short/au.png,Top order Batter
Mitchell Marsh,https://cdn.sportmonks.com/images/cricket/players/31/31.png,m,right-hand-bat,right-arm-fast-medium,Australia,https://cdn.sportmonks.com/images/countries/png/short/au.png,Allrounder
Mitchell Starc,https://cdn.sportmonks.com/images/cricket/players/4/36.png,m,left-hand-bat,left-arm-fast,Australia,https://cdn.sportmonks.com/images/countries/png/short/au.png,Bowler
Glenn Maxwell,https://cdn.sportmonks.com/images/cricket/players/8/40.png,m,right-hand-bat,right-arm-offbreak,Australia,https://cdn.sportmonks.com/images/countries/png/short/au.png,Batting Allrounder
Adam Zampa,https://cdn.sportmonks.com/images/cricket/players/12/44.png,m,right-hand-bat,legbreak-googly,Australia,https://cdn.sportmonks.com/images/countries/png/short/au.png,Bowler
Pat Cummins,https://cdn.sportmonks.com/images/cricket/players/30/190.png,m,right-hand-bat,right-arm-fast,Australia,https://cdn.sportmonks.com/images/countries/png/short/au.png,Bowler
Josh Hazlewood,https://cdn.sportmonks.com/images/cricket/players/31/191.png,m,left-hand-bat,right-arm-fast-medium,Australia,https://cdn.sportmonks.com/images/countries/png/short/au.png,Bowler
Marcus Stoinis,https://cdn.sportmonks.com/images/cricket/players/7/199.png,m,right-hand-bat,right-arm-fast-medium,Australia,https://cdn.sportmonks.com/images/countries/png/short/au.png,Batting Allrounder
Matthew Wade,https://cdn.sportmonks.com/images/cricket/players/10/426.png,m,left-hand-bat,right-arm-fast-medium,Australia,https://cdn.sportmonks.com/images/countries/png/short/au.png,Wicketkeeper Batter
Matthew Wade,https://cdn.sportmonks.com/images/cricket/players/10/426.png,m,left-hand-bat,right-arm-fast-medium,Australia,https://cdn.sportmonks.com/images/countries/png/short/au.png,Wicketkeeper Batter
Kane Richardson,https://cdn.sportmonks.com/images/cricket/players/30/446.png,m,right-hand-bat,right-arm-fast-medium,Australia,https://cdn.sportmonks.com/images/countries/png/short/au.png,Bowler
Tim David,https://cdn.sportmonks.com/images/cricket/players/9/617.png,m,right-hand-bat,right-arm-offbreak,Australia,https://cdn.sportmonks.com/images/countries/png/short/au.png,Middle order Batter
Cameron Green,https://cdn.sportmonks.com/images/cricket/players/22/630.png,m,right-hand-bat,right-arm-fast-medium,Australia,https://cdn.sportmonks.com/images/countries/png/short/au.png,Batting Allrounder
David Warner,https://cdn.sportmonks.com/images/cricket/players/2/738.png,m,left-hand-bat,legbreak,Australia,https://cdn.sportmonks.com/images/countries/png/short/au.png,Opening Batter
Steven Smith,https://cdn.sportmonks.com/images/cricket/players/0/768.png,m,right-hand-bat,legbreak-googly,Australia,https://cdn.sportmonks.com/images/countries/png/short/au.png,Middle order Batter
Virat Kohli,https://cdn.sportmonks.com/images/cricket/players/14/46.png,m,right-hand-bat,right-arm-fast-medium,India,https://cdn.sportmonks.com/images/countries/png/short/in.png,Top order Batter
Rishabh Pant,https://cdn.sportmonks.com/images/cricket/players/21/53.png,m,left-hand-bat,,India,https://cdn.sportmonks.com/images/countries/png/short/in.png,Wicketkeeper Batter
Ravichandran Ashwin,https://cdn.sportmonks.com/images/cricket/players/22/54.png,m,right-hand-bat,right-arm-offbreak,India,https://cdn.sportmonks.com/images/countries/png/short/in.png,Bowling Allrounder
Mohammed Shami,https://cdn.sportmonks.com/images/cricket/players/25/57.png,m,right-hand-bat,right-arm-fast,India,https://cdn.sportmonks.com/images/countries/png/short/in.png,Bowler
Dinesh Karthik,https://cdn.sportmonks.com/images/cricket/players/19/275.png,m,right-hand-bat,,India,https://cdn.sportmonks.com/images/countries/png/short/in.png,Wicketkeeper Batter
Rohit Sharma,https://cdn.sportmonks.com/images/cricket/players/22/278.png,m,right-hand-bat,right-arm-offbreak,India,https://cdn.sportmonks.com/images/countries/png/short/in.png,Top order Batter
Bhuvneshwar Kumar,https://cdn.sportmonks.com/images/cricket/players/24/280.png,m,right-hand-bat,right-arm-fast-medium,India,https://cdn.sportmonks.com/images/countries/png/short/in.png,Bowler
Hardik Pandya,https://cdn.sportmonks.com/images/cricket/players/25/281.png,m,right-hand-bat,right-arm-fast-medium,India,https://cdn.sportmonks.com/images/countries/png/short/in.png,Allrounder
Axar Patel,https://cdn.sportmonks.com/images/cricket/players/15/815.png,m,left-hand-bat,slow-left-arm-orthodox,India,https://cdn.sportmonks.com/images/countries/png/short/in.png,Bowling Allrounder
Suryakumar Yadav,https://cdn.sportmonks.com/images/cricket/players/31/2879.png,m,right-hand-bat,right-arm-fast-medium,India,https://cdn.sportmonks.com/images/countries/png/short/in.png,Batter
Deepak Hooda,https://cdn.sportmonks.com/images/cricket/players/3/2915.png,m,right-hand-bat,right-arm-offbreak,India,https://cdn.sportmonks.com/images/countries/png/short/in.png,Allrounder
Arshdeep Singh,https://cdn.sportmonks.com/images/cricket/players/16/4880.png,m,left-hand-bat,left-arm-fast-medium,India,https://cdn.sportmonks.com/images/countries/png/short/in.png,Bowler
Heinrich Klaasen,https://cdn.sportmonks.com/images/cricket/players/1/65.png,m,right-hand-bat,,South Africa,https://cdn.sportmonks.com/images/countries/png/short/za.png,Wicketkeeper Batter
Aiden Markram,https://cdn.sportmonks.com/images/cricket/players/2/66.png,m,right-hand-bat,right-arm-offbreak,South Africa,https://cdn.sportmonks.com/images/countries/png/short/za.png,Opening Batter
Lungi Ngidi,https://cdn.sportmonks.com/images/cricket/players/4/68.png,m,right-hand-bat,right-arm-fast,South Africa,https://cdn.sportmonks.com/images/countries/png/short/za.png,Bowler
Kagiso Rabada,https://cdn.sportmonks.com/images/cricket/players/6/70.png,m,left-hand-bat,right-arm-fast,South Africa,https://cdn.sportmonks.com/images/countries/png/short/za.png,Bowler
Tabraiz Shamsi,https://cdn.sportmonks.com/images/cricket/players/7/71.png,m,right-hand-bat,slow-left-arm-orthodox,South Africa,https://cdn.sportmonks.com/images/countries/png/short/za.png,Bowler
Quinton de Kock,https://cdn.sportmonks.com/images/cricket/players/13/77.png,m,left-hand-bat,,South Africa,https://cdn.sportmonks.com/images/countries/png/short/za.png,Wicketkeeper Batter
David Miller,https://cdn.sportmonks.com/images/cricket/players/15/79.png,m,left-hand-bat,right-arm-offbreak,South Africa,https://cdn.sportmonks.com/images/countries/png/short/za.png,Middle order Batter
Wayne Parnell,https://cdn.sportmonks.com/images/cricket/players/13/333.png,m,left-hand-bat,left-arm-fast-medium,South Africa,https://cdn.sportmonks.com/images/countries/png/short/za.png,Bowler
Anrich Nortje,https://cdn.sportmonks.com/images/cricket/players/28/636.png,m,right-hand-bat,right-arm-fast,South Africa,https://cdn.sportmonks.com/images/countries/png/short/za.png,Bowler
Keshav Maharaj,https://cdn.sportmonks.com/images/cricket/players/6/646.png,m,right-hand-bat,slow-left-arm-orthodox,South Africa,https://cdn.sportmonks.com/images/countries/png/short/za.png,Bowler
Temba Bavuma,https://cdn.sportmonks.com/images/cricket/players/11/651.png,m,right-hand-bat,right-arm-fast-medium,South Africa,https://cdn.sportmonks.com/images/countries/png/short/za.png,Middle order Batter
Rilee Rossouw,https://cdn.sportmonks.com/images/cricket/players/27/795.png,m,left-hand-bat,right-arm-offbreak,South Africa,https://cdn.sportmonks.com/images/countries/png/short/za.png,Top order Batter
Tristan Stubbs,https://cdn.sportmonks.com/images/cricket/players/5/25797.png,m,right-hand-bat,legbreak,South Africa,https://cdn.sportmonks.com/images/countries/png/short/za.png,Wicketkeeper Batter
Craig Ervine,https://cdn.sportmonks.com/images/cricket/players/21/85.png,m,left-hand-bat,right-arm-offbreak,Zimbabwe,https://cdn.sportmonks.com/images/countries/png/short/zw.png,Middle order Batter
Richard Ngarava,https://cdn.sportmonks.com/images/cricket/players/28/92.png,m,left-hand-bat,left-arm-fast-medium,Zimbabwe,https://cdn.sportmonks.com/images/countries/png/short/zw.png,Bowler
Wellington Masakadza,https://cdn.sportmonks.com/images/cricket/players/30/94.png,m,left-hand-bat,slow-left-arm-orthodox,Zimbabwe,https://cdn.sportmonks.com/images/countries/png/short/zw.png,Bowler
Tendai Chatara,https://cdn.sportmonks.com/images/cricket/players/0/96.png,m,right-hand-bat,right-arm-fast-medium,Zimbabwe,https://cdn.sportmonks.com/images/countries/png/short/zw.png,Bowler
Sean Williams,https://cdn.sportmonks.com/images/cricket/players/31/319.png,m,left-hand-bat,slow-left-arm-orthodox,Zimbabwe,https://cdn.sportmonks.com/images/countries/png/short/zw.png,Middle order Batter
Sikandar Raza,https://cdn.sportmonks.com/images/cricket/players/30/350.png,m,right-hand-bat,right-arm-offbreak,Zimbabwe,https://cdn.sportmonks.com/images/countries/png/short/zw.png,Batting Allrounder
Regis Chakabva,https://cdn.sportmonks.com/images/cricket/players/4/804.png,m,right-hand-bat,right-arm-offbreak,Zimbabwe,https://cdn.sportmonks.com/images/countries/png/short/zw.png,Wicketkeeper Batter
Regis Chakabva,https://cdn.sportmonks.com/images/cricket/players/4/804.png,m,right-hand-bat,right-arm-offbreak,Zimbabwe,https://cdn.sportmonks.com/images/countries/png/short/zw.png,Wicketkeeper Batter
Ryan Burl,https://cdn.sportmonks.com/images/cricket/players/5/805.png,m,left-hand-bat,legbreak,Zimbabwe,https://cdn.sportmonks.com/images/countries/png/short/zw.png,Middle order Batter
Blessing Muzarabani,https://cdn.sportmonks.com/images/cricket/players/9/2537.png,m,right-hand-bat,right-arm-fast-medium,Zimbabwe,https://cdn.sportmonks.com/images/countries/png/short/zw.png,Bowler
Luke Jongwe,https://cdn.sportmonks.com/images/cricket/players/18/2546.png,m,right-hand-bat,right-arm-fast-medium,Zimbabwe,https://cdn.sportmonks.com/images/countries/png/short/zw.png,Bowler
Tony Munyonga,https://cdn.sportmonks.com/images/cricket/players/25/6457.png,m,right-hand-bat,right-arm-offbreak,Zimbabwe,https://cdn.sportmonks.com/images/countries/png/short/zw.png,Allrounder
Milton Shumba,https://cdn.sportmonks.com/images/cricket/players/15/9999.png,m,left-hand-bat,slow-left-arm-orthodox,Zimbabwe,https://cdn.sportmonks.com/images/countries/png/short/zw.png,Top order Batter
Brad Evans,https://cdn.sportmonks.com/images/cricket/players/28/38012.png,m,right-hand-bat,right-arm-fast-medium,Zimbabwe,https://cdn.sportmonks.com/images/countries/png/short/zw.png,Allrounder
Moeen Ali,https://cdn.sportmonks.com/images/cricket/players/3/131.png,m,left-hand-bat,right-arm-offbreak,England,https://cdn.sportmonks.com/images/countries/png/short/gb.png,Batting Allrounder
Sam Curran,https://cdn.sportmonks.com/images/cricket/players/6/134.png,m,left-hand-bat,left-arm-fast-medium,England,https://cdn.sportmonks.com/images/countries/png/short/gb.png,Allrounder
Dawid Malan,https://cdn.sportmonks.com/images/cricket/players/8/136.png,m,left-hand-bat,legbreak,England,https://cdn.sportmonks.com/images/countries/png/short/gb.png,Top order Batter
Jos Buttler,https://cdn.sportmonks.com/images/cricket/players/15/143.png,m,right-hand-bat,,England,https://cdn.sportmonks.com/images/countries/png/short/gb.png,Wicketkeeper Batter
Chris Jordan,https://cdn.sportmonks.com/images/cricket/players/17/145.png,m,right-hand-bat,right-arm-fast-medium,England,https://cdn.sportmonks.com/images/countries/png/short/gb.png,Bowler
Chris Woakes,https://cdn.sportmonks.com/images/cricket/players/22/150.png,m,right-hand-bat,right-arm-fast-medium,England,https://cdn.sportmonks.com/images/countries/png/short/gb.png,Allrounder
Alex Hales,https://cdn.sportmonks.com/images/cricket/players/26/154.png,m,right-hand-bat,right-arm-fast-medium,England,https://cdn.sportmonks.com/images/countries/png/short/gb.png,Opening Batter
Adil Rashid,https://cdn.sportmonks.com/images/cricket/players/29/157.png,m,right-hand-bat,legbreak,England,https://cdn.sportmonks.com/images/countries/png/short/gb.png,Bowler
Ben Stokes,https://cdn.sportmonks.com/images/cricket/players/30/158.png,m,left-hand-bat,right-arm-fast-medium,England,https://cdn.sportmonks.com/images/countries/png/short/gb.png,Allrounder
Mark Wood,https://cdn.sportmonks.com/images/cricket/players/0/160.png,m,right-hand-bat,right-arm-fast,England,https://cdn.sportmonks.com/images/countries/png/short/gb.png,Bowler
Liam Livingstone,https://cdn.sportmonks.com/images/cricket/players/12/780.png,m,right-hand-bat,legbreak,England,https://cdn.sportmonks.com/images/countries/png/short/gb.png,Batting Allrounder
Harry Brook,https://cdn.sportmonks.com/images/cricket/players/22/3734.png,m,right-hand-bat,right-arm-fast-medium,England,https://cdn.sportmonks.com/images/countries/png/short/gb.png,Batter
Daryl Mitchell,https://cdn.sportmonks.com/images/cricket/players/12/3788.png,m,right-hand-bat,right-arm-fast-medium,England,https://cdn.sportmonks.com/images/countries/png/short/gb.png,Allrounder
Daryl Mitchell,https://cdn.sportmonks.com/images/cricket/players/14/5678.png,m,right-hand-bat,right-arm-fast-medium,New Zealand,https://cdn.sportmonks.com/images/countries/png/short/nz.png,Allrounder
Kusal Mendis,https://cdn.sportmonks.com/images/cricket/players/6/166.png,m,right-hand-bat,,Sri Lanka,https://cdn.sportmonks.com/images/countries/png/short/lk.png,Wicketkeeper Batter
Dushmantha Chameera,https://cdn.sportmonks.com/images/cricket/players/10/170.png,m,right-hand-bat,right-arm-fast,Sri Lanka,https://cdn.sportmonks.com/images/countries/png/short/lk.png,Bowler
Dhananjaya de Silva,https://cdn.sportmonks.com/images/cricket/players/11/171.png,m,right-hand-bat,right-arm-offbreak,Sri Lanka,https://cdn.sportmonks.com/images/countries/png/short/lk.png,Allrounder
Lahiru Kumara,https://cdn.sportmonks.com/images/cricket/players/14/174.png,m,left-hand-bat,right-arm-fast,Sri Lanka,https://cdn.sportmonks.com/images/countries/png/short/lk.png,Bowler
Dasun Shanaka,https://cdn.sportmonks.com/images/cricket/players/18/178.png,m,right-hand-bat,right-arm-fast-medium,Sri Lanka,https://cdn.sportmonks.com/images/countries/png/short/lk.png,Allrounder
Dasun Shanaka,https://cdn.sportmonks.com/images/cricket/players/18/178.png,m,right-hand-bat,right-arm-fast-medium,Sri Lanka,https://cdn.sportmonks.com/images/countries/png/short/lk.png,Allrounder
Danushka Gunathilaka,https://cdn.sportmonks.com/images/cricket/players/22/182.png,m,left-hand-bat,right-arm-offbreak,Sri Lanka,https://cdn.sportmonks.com/images/countries/png/short/lk.png,Allrounder
Kasun Rajitha,https://cdn.sportmonks.com/images/cricket/players/27/187.png,m,right-hand-bat,right-arm-fast-medium,Sri Lanka,https://cdn.sportmonks.com/images/countries/png/short/lk.png,Bowler
Chamika Karunaratne,https://cdn.sportmonks.com/images/cricket/players/2/5666.png,m,right-hand-bat,right-arm-fast-medium,Sri Lanka,https://cdn.sportmonks.com/images/countries/png/short/lk.png,Bowling Allrounder
Bhanuka Rajapaksa,https://cdn.sportmonks.com/images/cricket/players/23/6391.png,m,left-hand-bat,right-arm-fast-medium,Sri Lanka,https://cdn.sportmonks.com/images/countries/png/short/lk.png,Top order Batter
Pathum Nissanka,https://cdn.sportmonks.com/images/cricket/players/3/6403.png,m,right-hand-bat,,Sri Lanka,https://cdn.sportmonks.com/images/countries/png/short/lk.png,Top order Batter
Binura Fernando,https://cdn.sportmonks.com/images/cricket/players/19/21939.png,m,right-hand-bat,left-arm-fast-medium,Sri Lanka,https://cdn.sportmonks.com/images/countries/png/short/lk.png,Bowler
Maheesh Theekshana,https://cdn.sportmonks.com/images/cricket/players/22/21942.png,m,right-hand-bat,right-arm-offbreak,Sri Lanka,https://cdn.sportmonks.com/images/countries/png/short/lk.png,Bowler
Charith Asalanka,https://cdn.sportmonks.com/images/cricket/players/25/21945.png,m,left-hand-bat,right-arm-offbreak,Sri Lanka,https://cdn.sportmonks.com/images/countries/png/short/lk.png,Batting Allrounder
Pramod Madushan,https://cdn.sportmonks.com/images/cricket/players/9/35081.png,m,right-hand-bat,right-arm-fast-medium,Sri Lanka,https://cdn.sportmonks.com/images/countries/png/short/lk.png,Bowler
Glenn Phillips,https://cdn.sportmonks.com/images/cricket/players/24/216.png,m,right-hand-bat,,New Zealand,https://cdn.sportmonks.com/images/countries/png/short/nz.png,Wicketkeeper Batter
Ish Sodhi,https://cdn.sportmonks.com/images/cricket/players/26/218.png,m,right-hand-bat,legbreak,New Zealand,https://cdn.sportmonks.com/images/countries/png/short/nz.png,Bowler
Kane Williamson,https://cdn.sportmonks.com/images/cricket/players/28/220.png,m,right-hand-bat,right-arm-offbreak,New Zealand,https://cdn.sportmonks.com/images/countries/png/short/nz.png,Top order Batter
Trent Boult,https://cdn.sportmonks.com/images/cricket/players/29/221.png,m,right-hand-bat,left-arm-fast-medium,New Zealand,https://cdn.sportmonks.com/images/countries/png/short/nz.png,Bowler
Lockie Ferguson,https://cdn.sportmonks.com/images/cricket/players/31/223.png,m,right-hand-bat,right-arm-fast,New Zealand,https://cdn.sportmonks.com/images/countries/png/short/nz.png,Bowler
Mitchell Santner,https://cdn.sportmonks.com/images/cricket/players/3/227.png,m,left-hand-bat,slow-left-arm-orthodox,New Zealand,https://cdn.sportmonks.com/images/countries/png/short/nz.png,Bowling Allrounder
Tim Southee,https://cdn.sportmonks.com/images/cricket/players/4/228.png,m,right-hand-bat,right-arm-fast-medium,New Zealand,https://cdn.sportmonks.com/images/countries/png/short/nz.png,Bowler
James Neesham,https://cdn.sportmonks.com/images/cricket/players/7/2663.png,m,left-hand-bat,right-arm-fast-medium,New Zealand,https://cdn.sportmonks.com/images/countries/png/short/nz.png,Batting Allrounder
Devon Conway,https://cdn.sportmonks.com/images/cricket/players/17/4817.png,m,left-hand-bat,right-arm-fast-medium,New Zealand,https://cdn.sportmonks.com/images/countries/png/short/nz.png,Wicketkeeper Batter
Finn Allen,https://cdn.sportmonks.com/images/cricket/players/31/10623.png,m,right-hand-bat,,New Zealand,https://cdn.sportmonks.com/images/countries/png/short/nz.png,Top order Batter
Afif Hossain,https://cdn.sportmonks.com/images/cricket/players/8/232.png,m,left-hand-bat,right-arm-offbreak,Bangladesh,https://cdn.sportmonks.com/images/countries/png/short/bd.png,Allrounder
Mehidy Hasan Miraz,https://cdn.sportmonks.com/images/cricket/players/11/235.png,m,right-hand-bat,right-arm-offbreak,Bangladesh,https://cdn.sportmonks.com/images/countries/png/short/bd.png,Allrounder
Mustafizur Rahman,https://cdn.sportmonks.com/images/cricket/players/13/237.png,m,left-hand-bat,left-arm-fast-medium,Bangladesh,https://cdn.sportmonks.com/images/countries/png/short/bd.png,Bowler
Nurul Hasan,https://cdn.sportmonks.com/images/cricket/players/14/238.png,m,right-hand-bat,,Bangladesh,https://cdn.sportmonks.com/images/countries/png/short/bd.png,Wicketkeeper Batter
Shakib Al Hasan,https://cdn.sportmonks.com/images/cricket/players/15/239.png,m,left-hand-bat,slow-left-arm-orthodox,Bangladesh,https://cdn.sportmonks.com/images/countries/png/short/bd.png,Allrounder
Shakib Al Hasan,https://cdn.sportmonks.com/images/cricket/players/15/239.png,m,left-hand-bat,slow-left-arm-orthodox,Bangladesh,https://cdn.sportmonks.com/images/countries/png/short/bd.png,Allrounder
Mosaddek Hossain,https://cdn.sportmonks.com/images/cricket/players/22/246.png,m,right-hand-bat,right-arm-offbreak,Bangladesh,https://cdn.sportmonks.com/images/countries/png/short/bd.png,Middle order Batter
Soumya Sarkar,https://cdn.sportmonks.com/images/cricket/players/25/249.png,m,left-hand-bat,right-arm-fast-medium,Bangladesh,https://cdn.sportmonks.com/images/countries/png/short/bd.png,Middle order Batter
Taskin Ahmed,https://cdn.sportmonks.com/images/cricket/players/26/250.png,m,left-hand-bat,right-arm-fast,Bangladesh,https://cdn.sportmonks.com/images/countries/png/short/bd.png,Bowler
Junaid Siddique,https://cdn.sportmonks.com/images/cricket/players/26/986.png,m,left-hand-bat,right-arm-offbreak,Bangladesh,https://cdn.sportmonks.com/images/countries/png/short/bd.png,Bowler
Ebadot Hossain,https://cdn.sportmonks.com/images/cricket/players/16/1136.png,m,right-hand-bat,right-arm-fast-medium,Bangladesh,https://cdn.sportmonks.com/images/countries/png/short/bd.png,Bowler
Shoriful Islam,https://cdn.sportmonks.com/images/cricket/players/21/9045.png,m,left-hand-bat,left-arm-fast-medium,Bangladesh,https://cdn.sportmonks.com/images/countries/png/short/bd.png,Bowler
Nasum Ahmed,https://cdn.sportmonks.com/images/cricket/players/19/9363.png,m,left-hand-bat,slow-left-arm-orthodox,Bangladesh,https://cdn.sportmonks.com/images/countries/png/short/bd.png,Bowler
Hasan Mahmud,https://cdn.sportmonks.com/images/cricket/players/28/9372.png,m,right-hand-bat,right-arm-fast-medium,Bangladesh,https://cdn.sportmonks.com/images/countries/png/short/bd.png,Bowler
Gulbadin Naib,https://cdn.sportmonks.com/images/cricket/players/3/291.png,m,right-hand-bat,right-arm-fast-medium,Afghanistan,https://cdn.sportmonks.com/images/countries/png/short/af.png,Batting Allrounder
Mujeeb Ur Rahman,https://cdn.sportmonks.com/images/cricket/players/6/294.png,m,right-hand-bat,right-arm-offbreak,Afghanistan,https://cdn.sportmonks.com/images/countries/png/short/af.png,Bowler
Usman Ghani,https://cdn.sportmonks.com/images/cricket/players/10/298.png,m,right-hand-bat,,Afghanistan,https://cdn.sportmonks.com/images/countries/png/short/af.png,Opening Batter
Mohammad Nabi,https://cdn.sportmonks.com/images/cricket/players/15/303.png,m,right-hand-bat,right-arm-offbreak,Afghanistan,https://cdn.sportmonks.com/images/countries/png/short/af.png,Allrounder
Mohammad Nabi,https://cdn.sportmonks.com/images/cricket/players/15/303.png,m,right-hand-bat,right-arm-offbreak,Afghanistan,https://cdn.sportmonks.com/images/countries/png/short/af.png,Allrounder
Rashid Khan,https://cdn.sportmonks.com/images/cricket/players/18/306.png,m,right-hand-bat,legbreak-googly,Afghanistan,https://cdn.sportmonks.com/images/countries/png/short/af.png,Bowling Allrounder
Fareed Ahmad,https://cdn.sportmonks.com/images/cricket/players/22/310.png,m,left-hand-bat,left-arm-fast-medium,Afghanistan,https://cdn.sportmonks.com/images/countries/png/short/af.png,Bowler
Hazratullah Zazai,https://cdn.sportmonks.com/images/cricket/players/23/311.png,m,left-hand-bat,slow-left-arm-orthodox,Afghanistan,https://cdn.sportmonks.com/images/countries/png/short/af.png,Opening Batter
Najibullah Zadran,https://cdn.sportmonks.com/images/cricket/players/26/314.png,m,left-hand-bat,right-arm-offbreak,Afghanistan,https://cdn.sportmonks.com/images/countries/png/short/af.png,Middle order Batter
Azmatullah Omarzai,https://cdn.sportmonks.com/images/cricket/players/23/343.png,m,right-hand-bat,right-arm-fast-medium,Afghanistan,https://cdn.sportmonks.com/images/countries/png/short/af.png,Allrounder
Rahmanullah Gurbaz,https://cdn.sportmonks.com/images/cricket/players/24/344.png,m,right-hand-bat,,Afghanistan,https://cdn.sportmonks.com/images/countries/png/short/af.png,Wicketkeeper Batter
Ibrahim Zadran,https://cdn.sportmonks.com/images/cricket/players/23/375.png,m,right-hand-bat,right-arm-fast-medium,Afghanistan,https://cdn.sportmonks.com/images/countries/png/short/af.png,Opening Batter
Ibrahim Zadran,https://cdn.sportmonks.com/images/cricket/placeholder.png,m,right-hand-bat,right-arm-fast,Afghanistan,https://cdn.sportmonks.com/images/countries/png/short/af.png,Opening Batter
Fazalhaq Farooqi,https://cdn.sportmonks.com/images/cricket/players/24/376.png,m,right-hand-bat,left-arm-fast-medium,Afghanistan,https://cdn.sportmonks.com/images/countries/png/short/af.png,Bowler
Darwish Rasooli,https://cdn.sportmonks.com/images/cricket/players/1/385.png,m,right-hand-bat,right-arm-offbreak,Afghanistan,https://cdn.sportmonks.com/images/countries/png/short/af.png,Top order Batter
Mohammad Wasim,https://cdn.sportmonks.com/images/cricket/placeholder.png,m,,,Afghanistan,https://cdn.sportmonks.com/images/countries/png/short/af.png,Allrounder
Paul Stirling,https://cdn.sportmonks.com/images/cricket/players/8/360.png,m,right-hand-bat,right-arm-offbreak,Ireland,https://cdn.sportmonks.com/images/countries/png/short/.png,Batting Allrounder
George Dockrell,https://cdn.sportmonks.com/images/cricket/players/29/1181.png,m,right-hand-bat,slow-left-arm-orthodox,Ireland,https://cdn.sportmonks.com/images/countries/png/short/.png,Allrounder
Simi Singh,https://cdn.sportmonks.com/images/cricket/players/21/1205.png,m,right-hand-bat,right-arm-offbreak,Ireland,https://cdn.sportmonks.com/images/countries/png/short/.png,Bowling Allrounder
Barry McCarthy,https://cdn.sportmonks.com/images/cricket/players/26/3578.png,m,right-hand-bat,right-arm-fast-medium,Ireland,https://cdn.sportmonks.com/images/countries/png/short/.png,Bowler
Harry Tector,https://cdn.sportmonks.com/images/cricket/players/9/5705.png,m,right-hand-bat,right-arm-offbreak,Ireland,https://cdn.sportmonks.com/images/countries/png/short/.png,Middle order Batter
Lorcan Tucker,https://cdn.sportmonks.com/images/cricket/players/12/5708.png,m,right-hand-bat,,Ireland,https://cdn.sportmonks.com/images/countries/png/short/.png,Wicketkeeper Batter
Mark Adair,https://cdn.sportmonks.com/images/cricket/players/6/6502.png,m,right-hand-bat,right-arm-fast,Ireland,https://cdn.sportmonks.com/images/countries/png/short/.png,Bowling Allrounder
Gareth Delany,https://cdn.sportmonks.com/images/cricket/players/0/7200.png,m,right-hand-bat,legbreak-googly,Ireland,https://cdn.sportmonks.com/images/countries/png/short/.png,Batting Allrounder
Curtis Campher,https://cdn.sportmonks.com/images/cricket/players/6/16326.png,m,right-hand-bat,right-arm-fast-medium,Ireland,https://cdn.sportmonks.com/images/countries/png/short/.png,Allrounder
Fionn Hand,https://cdn.sportmonks.com/images/cricket/players/9/41321.png,m,right-hand-bat,right-arm-fast-medium,Ireland,https://cdn.sportmonks.com/images/countries/png/short/.png,Bowling Allrounder
Tom Cooper,https://cdn.sportmonks.com/images/cricket/players/18/434.png,m,right-hand-bat,right-arm-offbreak,Netherlands,https://cdn.sportmonks.com/images/countries/png/short/nl.png,Middle order Batter
Roelof van der Merwe,https://cdn.sportmonks.com/images/cricket/players/14/782.png,m,right-hand-bat,slow-left-arm-orthodox,Netherlands,https://cdn.sportmonks.com/images/countries/png/short/nl.png,Allrounder
Stephan Myburgh,https://cdn.sportmonks.com/images/cricket/players/9/2441.png,m,left-hand-bat,right-arm-offbreak,Netherlands,https://cdn.sportmonks.com/images/countries/png/short/nl.png,Opening Batter
Max O'Dowd,https://cdn.sportmonks.com/images/cricket/players/12/2444.png,m,right-hand-bat,right-arm-offbreak,Netherlands,https://cdn.sportmonks.com/images/countries/png/short/nl.png,Opening Batter
Logan van Beek,https://cdn.sportmonks.com/images/cricket/players/18/2450.png,m,right-hand-bat,right-arm-fast-medium,Netherlands,https://cdn.sportmonks.com/images/countries/png/short/nl.png,Bowler
Timm van der Gugten,https://cdn.sportmonks.com/images/cricket/players/21/2453.png,m,right-hand-bat,right-arm-fast-medium,Netherlands,https://cdn.sportmonks.com/images/countries/png/short/nl.png,Bowler
Paul van Meekeren,https://cdn.sportmonks.com/images/cricket/players/24/2456.png,m,right-hand-bat,right-arm-fast-medium,Netherlands,https://cdn.sportmonks.com/images/countries/png/short/nl.png,Bowler
Colin Ackermann,https://cdn.sportmonks.com/images/cricket/players/15/3695.png,m,right-hand-bat,right-arm-offbreak,Netherlands,https://cdn.sportmonks.com/images/countries/png/short/nl.png,Batting Allrounder
Scott Edwards,https://cdn.sportmonks.com/images/cricket/players/29/5693.png,m,right-hand-bat,,Netherlands,https://cdn.sportmonks.com/images/countries/png/short/nl.png,Wicketkeeper Batter
Brandon Glover,https://cdn.sportmonks.com/images/cricket/players/30/7134.png,m,right-hand-bat,right-arm-fast,Netherlands,https://cdn.sportmonks.com/images/countries/png/short/nl.png,Bowler
Bas de Leede,https://cdn.sportmonks.com/images/cricket/players/1/7137.png,m,right-hand-bat,right-arm-fast-medium,Netherlands,https://cdn.sportmonks.com/images/countries/png/short/nl.png,Batting Allrounder
Vikramjit Singh,https://cdn.sportmonks.com/images/cricket/players/11/8619.png,m,left-hand-bat,right-arm-fast-medium,Netherlands,https://cdn.sportmonks.com/images/countries/png/short/nl.png,Opening Batter
Tim Pringle,https://cdn.sportmonks.com/images/cricket/players/3/9027.png,m,right-hand-bat,right-arm-fast,Netherlands,https://cdn.sportmonks.com/images/countries/png/short/nl.png,Allrounder
Shariz Ahmad,https://cdn.sportmonks.com/images/cricket/players/14/32270.png,m,right-hand-bat,right-arm-offbreak,Netherlands,https://cdn.sportmonks.com/images/countries/png/short/nl.png,Bowler
